0,Claire LaZebnik
1,Anne Rivers Siddons
2,Nina LaCour
3,Ben Aaronovitch
4,Kiera Cass
5,Bree Despain
6,Sylvain Reynard
7,Kate Alcott
8,Peter Clines
9,Michael Cunningham
10,Angela Flournoy
11,John Berger
12,Janet Fitch
13,James Luceno
14,Lolly Winston
15,Andrew  Smith
16,Robert Charles Wilson
17,Laurence Rees
18,MaryJanice Davidson
19,Rupi Kaur
20,D.B.C. Pierre
21,Dave Barry
22,Sandra Brown
23,James Patterson
24,Andrew Davidson
25,John Steakley
26,Naomi Novik
27,Amy Ewing
28,Lisa Jewell
29,Marie Lu
30,Craig Thompson
31,Carrie Fisher
32,Lalita Tademy
33,Suzanne Young
34,Margaret Mitchell
35,Monica  Murphy
36,Jhumpa Lahiri
37,Jacquelyn Frank
38,Katy Evans
39,Jessica Sorensen
40,James McBride
41,Deborah Harkness
42,Edan Lepucki
43,Stephenie Meyer
44,Thomas Harris
45,Kristin Levine
46,Helen Keller
47,Thomas Pynchon
48,John O'Hara
49,Nicole  Williams
50,Cate Tiernan
51,Mhairi McFarlane
52,Tobias Wolff
53,Doris Lessing
54,Andre Dubus III
55,Joe Hill
56,Liane Moriarty
57,Christopher Paolini
58,Robert A. Caro
59,Richard Peck
60,Alex Kava
61,Tom Rob Smith
62,Carrie Ryan
63,Edward Said
64,Daniel Clowes
65,Judy Blume
66,Robert Jackson Bennett
67,Anne Enright
68,Jennifer L. Armentrout
69,Frances Mayes
70,S.A. Bodeen
71,Larry Niven
72,Peter  Swanson
73,Angie Thomas
74,Arthur C. Clarke
75,Kate Jacobs
76,Raina Telgemeier
77,Robert Hughes
78,"Leigh Nichols, Dean Koontz"
79,Dave Eggers
80,Steven Pinker
81,Mike Lupica
82,Laura Dave
83,Ellis Avery
84,Cammie McGovern
85,Holly Goldberg Sloan
86,Sarah Dunant
87,Lee Child
88,Sebastian Barry
89,Sarah McCoy
90,Colum McCann
91,Alice Clayton
92,Eric Wilson
93,Angie Sage
94,Eric S. Nylund
95,Orson Scott Card
96,"Carolyn Jessop, Laura Palmer"
97,Thrity Umrigar
98,Richard Price
99,S.K. Tremayne
100,Ian McEwan
101,William Goldman
102,Larry McMurtry
103,Marcus Sakey
104,Eowyn Ivey
105,David Wiesner
106,Judith Guest
107,Brunonia Barry
108,Ilana Tan
109,Melvin Burgess
110,Kate Brian
111,Ursula Hegi
112,Fiona Barton
113,Hannu Rajaniemi
114,Deanna Raybourn
115,Chris Bohjalian
116,Anna Godbersen
117,P.D. James
118,Rosamunde Pilcher
119,Kalayna Price
120,Elizabeth  George
121,Yuna Kagesaki
122,C.S. Pacat
123,Stephen Crane
124,Hugh Howey
125,Jonathan Swift
126,Neil Simon
127,Myra McEntire
128,Chuck Palahniuk
129,Jonathan Lethem
130,Gene Luen Yang
131,Richard Brautigan
132,Katherine Addison
133,Tawni O'Dell
134,J.D. Robb
135,Willa Cather
136,Jason F. Wright
137,Voltaire
138,Ellen Marie Wiseman
139,Chuck Wendig
140,Dennis Lehane
141,Lloyd C. Douglas
142,Heather Dixon
143,Chetan Bhagat
144,Stephen E. Ambrose
145,Mike Mullin
146,Jennifer Rush
147,Jay Asher
148,Alex Garland
149,Gigi Levangie Grazer
150,Barbara Kingsolver
151,Cynthia Swanson
152,Katie Cotugno
153,Alastair Reynolds
154,Paullina Simons
155,Ottessa Moshfegh
156,Napoleon Hill
157,Veronica Roth
158,Vince Flynn
159,Khushwant Singh
160,Joshua Ferris
161,Sarah Simblet
162,Lynsay Sands
163,Patti Smith
164,David Nicholls
165,David Byrne
166,John Gardner
167,Alyson Richman
168,Jandy Nelson
169,Edward P. Jones
170,Jane Smiley
171,Rick Yancey
172,Elle Kennedy
173,Mercer Mayer
174,Natasha Solomons
175,Yangsze Choo
176,Emmy Laybourne
177,Sister Souljah
178,Catherine Coulter
179,"Anne Rice, Tim Curry"
180,Augusten Burroughs
181,Michelle Richmond
182,Allen Eskens
183,Mike Mignola
184,Kevin Kwan
185,Lauren Beukes
186,Eric Jerome Dickey
187,Suzanne Collins
188,John Updike
189,Sally Green
190,Andrea Cremer
191,Jay Anson
192,"Ozzy Osbourne, Chris Ayres"
193,George Saunders
194,"Morton Rhue, Todd Strasser"
195,Justin Halpern
196,Scott Lynch
197,Jay McInerney
198,Rainbow Rowell
199,Tom Brokaw
200,Maria V. Snyder
201,Morris Gleitzman
202,Rachel Joyce
203,Marisa de los Santos
204,Victoria Aveyard
205,Karen Russell
206,Alice Munro
207,Carrie Vaughn
208,Edward Abbey
209,"Holly Black, Eliza Wheeler"
210,Anchee Min
211,Rachel Hauck
212,N.H. Kleinbaum
213,Anne Michaels
214,Steven Johnson
215,"Raina Telgemeier, Gurihiru"
216,Amy Tintera
217,John Verdon
218,Richard   Phillips
219,Ann M. Martin
220,Alistair MacLean
221,Robin Norwood
222,Michel Houellebecq
223,Robin Oliveira
224,Uwem Akpan
225,Kurt Vonnegut Jr.
226,Roddy Doyle
227,Hope Jahren
228,Robert Louis Stevenson
229,Cristin Terrill
230,Olivia Cunning
231,Ally Condie
232,Amitav Ghosh
233,Scott Turow
234,Leila Meacham
235,Jon J. Muth
236,Isabel Allende
237,Henry Hazlitt
238,Lorraine Hansberry
239,Katie Alender
240,Karina Halle
241,David Shannon
242,Jacqueline Winspear
243,Louisa May Alcott
244,Leslie Marmon Silko
245,Harper Lee
246,Joseph Heller
247,P.B. Kerr
248,Tammara Webber
249,Jack Finney
250,Clifford D. Simak
251,Sara Paretsky
252,Martha Hall Kelly
253,Michael Connelly
254,Daniel Glattauer
255,Corrie ten Boom
256,Sherwood Smith
257,Kerstin Gier
258,Brian Lumley
259,Christopher Isherwood
260,Catherine Gilbert Murdock
261,Lauren Oliver
262,Julie Kagawa
263,A.S.A. Harrison
264,Beverly  Lewis
265,Nelson DeMille
266,Amanda Coplin
267,Josh Malerman
268,C.S. Friedman
269,Pat Conroy
270,Walker Percy
271,Ben Hatke
272,Alison Croggon
273,Joe McGinniss
274,Anna Quindlen
275,Lisa Tawn Bergren
276,Iris Johansen
277,Heather Gudenkauf
278,David Ebershoff
279,Shel Silverstein
280,Kathleen Winsor
281,Elisabeth Naughton
282,Benedict Jacka
283,Alex Gino
284,M.L. Stedman
285,David Auburn
286,Catherine Bybee
287,Norman Mailer
288,Stacy Schiff
289,Michelle Magorian
290,Matthew  Thomas
291,Mark Haddon
292,Kate Grenville
293,S.M. Stirling
294,Michael Punke
295,John Hart
296,Beth Revis
297,Jo Baker
298,Arthur Hailey
299,Susan Elizabeth Phillips
300,Jane Shemilt
301,G. Willow Wilson
302,Michelle Moran
303,Ransom Riggs
304,Yann Martel
305,Elizabeth George Speare
306,Margaret Edson
307,Jesmyn Ward
308,Carolyn  Parkhurst
309,Robert Cormier
310,Arundhati Roy
311,Jennifer Probst
312,Rudyard Kipling
313,Amy Efaw
314,Nicole Krauss
315,Amy Poehler
316,Gary Larson
317,Arthur Nersesian
318,F. Paul Wilson
319,Richard Condon
320,Scott Westerfeld
321,Mary  Stewart
322,Susan Mallery
323,Kazu Kibuishi
324,Dava Sobel
325,Luke Rhinehart
326,Connie Willis
327,Chelsea Cain
328,Lisa Jackson
329,John L. Parker Jr.
330,Kim Harrison
331,Ellen Stoll Walsh
332,Raymond Khoury
333,Patricia Cornwell
334,Elizabeth Flock
335,Nathan  Hill
336,Chelsea M. Cameron
337,Malcolm Gladwell
338,Julie James
339,Tracy Chevalier
340,Poppy Z. Brite
341,Alfred Bester
342,Janet Evanovich
343,Elizabeth Wurtzel
344,J.K. Rowling
345,Ally Carter
346,James     Baldwin
347,Dylan Thomas
348,"Douglas Preston, Lincoln Child"
349,Jennifer Crusie
350,Nancy Garden
351,Madeleine Roux
352,Gary Jennings
353,Esi Edugyan
354,Lincoln Child
355,Lauren DeStefano
356,Peter Mayle
357,James Frey
358,George Carlin
359,Laurent Binet
360,Ted Dekker
361,Melinda Haynes
362,Ayaan Hirsi Ali
363,Jonathan Tropper
364,Sharon Guskin
365,Dorothy L. Sayers
366,B.J. Novak
367,Vikas Swarup
368,Paul Auster
369,Cat Patrick
370,April Henry
371,Jana Deleon
372,Jennifer Brown
373,Doug Lloyd
374,"Kingsley Amis, David Lodge"
375,Susannah Cahalan
376,Kelly Creagh
377,Amy Waldman
378,Scott B. Smith
379,Lindsey Kelk
380,Julie   Murphy
381,Paul  Hoffman
382,Jennifer Egan
383,Tad Williams
384,Bret Easton Ellis
385,Sylvia Nasar
386,Gayle Forman
387,Chris Pavone
388,Dan Chaon
389,Sabaa Tahir
390,"Kerstin Gier, Anthea Bell"
391,Lawrence Hill
392,Ramit Sethi
393,Libba Bray
394,Ai Yazawa
395,Joanne Harris
396,Ramez Naam
397,Anne McCaffrey
398,Susan Coolidge
399,Alwyn Hamilton
400,L.J. Smith
401,Andy Weir
402,Truman Capote
403,Alison Goodman
404,Antony Beevor
405,"Mem Fox, Jane Dyer"
406,Chad Harbach
407,Graeme Simsion
408,E. Nesbit
409,Thomas Wolfe
410,Noah Hawley
411,Anne Fortier
412,Taylor Caldwell
413,Ernest Hemingway
414,James Agee
415,Julie Gregory
416,Patrick Rothfuss
417,Katie Ashley
418,Friedrich A. Hayek
419,E.L. Konigsburg
420,Richard Dawkins
421,Robertson Davies
422,Jean M. Auel
423,Steve Toltz
424,Judy Schachner
425,Cynthia Hand
426,Ann Aguirre
427,William  Kennedy
428,Simon Schama
429,Maggie Shipstead
430,Colleen Houck
431,Robert Graves
432,Khaled Hosseini
433,Ann-Marie MacDonald
434,Amy Harmon
435,Daniel Abraham
436,Jean Anouilh
437,Clare Vanderpool
438,Barbara Delinsky
439,Alan W. Watts
440,Jill Bolte Taylor
441,Daniel H. Wilson
442,William R. Forstchen
443,Elaine Pagels
444,Mary Karr
445,Chris Van Allsburg
446,Scott McCloud
447,Lisa Kleypas
448,Tatiana de Rosnay
449,Laurie Fabiano
450,Patrick Ness
451,Anna Banks
452,Hunter S. Thompson
453,Alan Paton
454,Bill Buford
455,Sarah Rees Brennan
456,Larry Correia
457,Erin Hunter
458,Emma Healey
459,Michael Thomas Ford
460,Betty  Smith
461,Lynda Mullaly Hunt
462,Robert   Harris
463,Danielle Steel
464,Jenna Blum
465,Charlaine Harris
466,Kody Keplinger
467,Craig Johnson
468,Ian Fleming
469,Peter Heller
470,Michael Crichton
471,Paulo Coelho
472,Erin Morgenstern
473,Erica Jong
474,Jodi Picoult
475,Herman Wouk
476,Wendelin Van Draanen
477,Jack McCallum
478,Lori Lansens
479,Jonathan Franzen
480,Colleen McCullough
481,Adriana Trigiani
482,Jack Kerouac
483,Leigh Bardugo
484,Lois McMaster Bujold
485,Elizabeth Scott
486,Jason Mott
487,Brad Thor
488,Kylie Scott
489,Abbi Glines
490,Maya Angelou
491,Elin Hilderbrand
492,Jamie Oliver
493,Jonah Lehrer
494,J.D. Salinger
495,Peter  May
496,P.G. Wodehouse
497,Ruta Sepetys
498,Philip Pullman
499,Karin Slaughter
500,Danielle Trussoni
501,Jenny Offill
502,"Tom Clancy, Mark Greaney"
503,Alan Brennert
504,Jane Hamilton
505,Jude Watson
506,Shannon Hale
507,V.S. Naipaul
508,Walter Isaacson
509,Sharon Kay Penman
510,Lloyd Jones
511,Richard Bach
512,Andrew Clements
513,James Grady
514,Rhonda Byrne
515,Raymond Briggs
516,A.S. King
517,Judith McNaught
518,Kimberly Derting
519,Catherine Marshall
520,Sandra Dallas
521,Ellen Schreiber
522,Harlan Coben
523,Meredith Wild
524,Dr. Seuss
525,K.A. Tucker
526,David Herbert Donald
527,Enid Bagnold
528,Julia Hoban
529,Lily King
530,William Gibson
531,Banksy
532,Ilsa J. Bick
533,Jeffery Deaver
534,Viet Thanh Nguyen
535,Herman Melville
536,Rodman Philbrick
537,Samantha Young
538,John Hodgman
539,Zadie Smith
540,Robert Frost
541,Charles M. Sheldon
542,Rachel Caine
543,Patricia McCormick
544,Cormac McCarthy
545,Elizabeth Norris
546,Susan Vreeland
547,Anna Maxted
548,Peter H. Reynolds
549,Juliet Marillier
550,Annie Dillard
551,Elizabeth Eulberg
552,Arthur Conan Doyle
553,Lloyd Alexander
554,Lee Strobel
555,David Benioff
556,Jon Krakauer
557,Alice Hoffman
558,Jenny Nimmo
559,Karen Harper
560,"Angie Sage, Mark Zug"
561,Kevin    Wilson
562,Arthur Golden
563,S.J. Watson
564,"T.C. Boyle, Richard Poe"
565,Roxane Gay
566,Sophie Jordan
567,Conn Iggulden
568,Walter Dean Myers
569,"K.R. Dwyer, Dean Koontz"
570,H.M. Ward
571,Jessica Park
572,Brad Meltzer
573,Eric Carle
574,Jenna Black
575,Beatrix Potter
576,Tere Liye
577,Paolo Bacigalupi
578,Julia Child
579,Helene Wecker
580,Alyson Noel
581,Eckhart Tolle
582,Kazuo Ishiguro
583,Jill Shalvis
584,M.T. Anderson
585,Tim Tharp
586,Frank E. Peretti
587,Carol Lynch Williams
588,Kathleen Kent
589,David  Brooks
590,Victoria Hislop
591,Terry McMillan
592,Jacqueline Carey
593,Jim Butcher
594,Tamora Pierce
595,Flann O'Brien
596,Shayla Black
597,"Colin Meloy, Carson Ellis"
598,Susan Ee
599,Piers Anthony
600,Keri Smith
601,Phil Klay
602,Shiv Khera
603,A.S. Byatt
604,Alex Haley
605,Jacqueline Sheehan
606,Edmund Morris
607,Robert McCammon
608,Louise Fitzhugh
609,Edith Pattou
610,Sharon G. Flake
611,Caroline Knapp
612,David Foster Wallace
613,Julia Glass
614,Tamara Ireland Stone
615,Christos Tsiolkas
616,Diablo Cody
617,Elizabeth Gaskell
618,W. Bruce Cameron
619,Chevy Stevens
620,Thomas Keneally
621,Amanda Grange
622,Tennessee Williams
623,Charles Belfoure
624,Jean Kwok
625,Melina Marchetta
626,Stephen Davis
627,David James Duncan
628,Louis Sachar
629,Stephanie Garber
630,Joseph Wambaugh
631,Joe Haldeman
632,Susan Abulhawa
633,Jonathan Safran Foer
634,Dashiell Hammett
635,Robert Ludlum
636,Kelly Corrigan
637,Linda Fairstein
638,Marieke Nijkamp
639,Vladimir Nabokov
640,Trudi Canavan
641,Ira Wagler
642,Mircea Eliade
643,Melissa Landers
644,Eoin Colfer
645,William Golding
646,Paulette Jiles
647,B.A. Paris
648,Angela Johnson
649,Gordon Korman
650,Brigid Kemmerer
651,Jenny O'Connell
652,Meg Wolitzer
653,"Cory Doctorow, Jen Wang"
654,Irving Shulman
655,"Orhan Pamuk, Maureen Freely"
656,Walt Whitman
657,Andrea Hirata
658,Scott  Meyer
659,William C. Dietz
660,Anita Amirrezvani
661,Jamie McGuire
662,Aleatha Romig
663,"Dava Sobel, Neil Armstrong"
664,Simone Elkeles
665,George Bernard Shaw
666,Danielle  Paige
667,Mindy Kaling
668,Sydney Taylor
669,Philip Roth
670,Janette Oke
671,R.A. Salvatore
672,Barack Obama
673,Cathy Marie Buchanan
674,J.G. Ballard
675,Tiffany Reisz
676,Michael A. Singer
677,author
678,Julianne Donaldson
679,Matthew Pearl
680,Rob Bell
681,Ann Packer
682,Homer Hickam
683,Keri Arthur
684,John Galsworthy
685,Debra Dean
686,Isaac Marion
687,Diane Duane
688,Don DeLillo
689,Hester Browne
690,Olivia Goldsmith
691,Walter Scott
692,Thomas Hardy
693,Chelsea Fine
694,David Small
695,Michael Pollan
696,Charles Duhigg
697,Susanna Kearsley
698,"Lee Child, Dick Hill"
699,Ira Levin
700,Kentaro Yabuki
701,Graham Greene
702,Patrick O'Brian
703,Abraham Verghese
704,Kaye Gibbons
705,Adam Hochschild
706,Joe Abercrombie
707,Sam Harris
708,Ami McKay
709,Julianna Baggott
710,Anne Morrow Lindbergh
711,J.R.R. Tolkien
712,Max Barry
713,Paul Beatty
714,Paul Bowles
715,J.P. Delaney
716,Miranda Kenneally
717,Melanie Benjamin
718,Christopher Pike
719,Irwin Shaw
720,Ha Jin
721,Sonya Sones
722,Carlos Fuentes
723,Michael Morpurgo
724,Anna Todd
725,"Joe Sacco, Edward Said"
726,Val McDermid
727,Oscar Wilde
728,Wally Lamb
729,Charles Burns
730,Tim O'Brien
731,Alan Lightman
732,Richard Paul Evans
733,Kent Haruf
734,Julie Anne Peters
735,Jussi Adler-Olsen
736,Guy Gavriel Kay
737,David Mazzucchelli
738,"Richard Bachman, Stephen King"
739,Peter Shaffer
740,Jane Austen
741,Syd Hoff
742,Diana Wynne Jones
743,Siobhan Vivian
744,Grant Naylor
745,Arthur Ransome
746,Alice LaPlante
747,Ray Bradbury
748,"Brian Azzarello, Lee Bermejo"
749,Ian Falconer
750,V.C. Andrews
751,Brian  McClellan
752,Tim Johnston
753,Joelle Charbonneau
754,Guy Delisle
755,Karen Hesse
756,Connor Franta
757,Agatha Christie
758,Frederik Pohl
759,Laini Taylor
760,Mitchell Zuckoff
761,Dorothy Koomson
762,T.A. Barron
763,Hannah Harrington
764,M.J. Arlidge
765,Peggy Rathmann
766,Lisa Scottoline
767,Mary Kubica
768,Vera Brosgol
769,Jill Mansell
770,"Jane Austen, Fiona Stafford"
771,Edward Gorey
772,Cynthia Bond
773,Paul Tremblay
774,Rosamund Hodge
775,"Anne Rice, Anne Rampling"
776,Laura Wiess
777,Melanie Gideon
778,Chloe Neill
779,Evan Wright
780,Jim Bouton
781,Diane Mott Davidson
782,"Amie Kaufman, Jay Kristoff"
783,Caragh M. O'Brien
784,Lauren Blakely
785,Tami Hoag
786,Lauren Kate
787,Pittacus Lore
788,Daniel Goleman
789,Ellen DeGeneres
790,Enid Blyton
791,Terry Brooks
792,Richard Russo
793,Tony Hillerman
794,George Orwell
795,Zane
796,Thor Heyerdahl
797,"CLAMP, William Flanagan"
798,Charles Dickens
799,Cathy Glass
800,Eric Clapton
801,Sara Zarr
802,Steve Alten
803,Malorie Blackman
804,Jude Deveraux
805,Tracey Garvis-Graves
806,Markus Zusak
807,Graham Swift
808,Michael Blake
809,Carl Hiaasen
810,Shaun Tan
811,Laurie Halse Anderson
812,Johanna Lindsey
813,C.J. Redwine
814,Stephanie Danler
815,Joseph Conrad
816,Alice Walker
817,Gary Paulsen
818,David Brin
819,Laura  McBride
820,Tom Rachman
821,Michael J. Fox
822,Ben H. Winters
823,J.M. Coetzee
824,Louise Erdrich
825,Sharon Creech
826,Julia Quinn
827,Timothy Ferriss
828,David Mamet
829,Hilary Mantel
830,Michael J. Sullivan
831,Jennifer McMahon
832,Madeleine Wickham
833,Pepper Winters
834,Richard Siken
835,Marissa Meyer
836,Robin Hobb
837,Lucie Whitehouse
838,Daniel Silva
839,Lynn Flewelling
840,Thomas Paine
841,E.M. Forster
842,Alessandro Baricco
843,Karen Chance
844,Anthony  Ryan
845,Lily Koppel
846,Jennifer Close
847,Becca Fitzpatrick
848,Gary Brandner
849,Sidney Sheldon
850,Sarah Addison Allen
851,Sarah Lotz
852,Christina Lauren
853,B.A. Shapiro
854,Helen Oyeyemi
855,Christine Feehan
856,"Albert Camus, Justin O'Brien"
857,Graeme Base
858,Bill Clinton
859,Sarah Vowell
860,Anita Brookner
861,Frank De Felitta
862,Ken Kesey
863,Nicholas Sparks
864,George W. Bush
865,Justina Chen
866,James M. Cain
867,Tomie dePaola
868,James Herbert
869,Debbie Macomber
870,Jaci Burton
871,Laura Whitcomb
872,Gwen Cooper
873,Paul Harding
874,Emily Giffin
875,William  Boyd
876,NoViolet Bulawayo
877,Sarah J. Maas
878,Glen Duncan
879,Winston Graham
880,Margaret Atwood
881,Kevin Henkes
882,Charlie N. Holmberg
883,Carol Shields
884,Sherrilyn Kenyon
885,Tom Stoppard
886,Aimee Carter
887,John Green
888,Donna Tartt
889,Nick Bruel
890,Oliver Sacks
891,"Ram Dass, Richard Alpert"
892,Brandon Sanderson
893,Lisa Gardner
894,Ann Leary
895,Jessi Klein
896,Michael A. Stackpole
897,Roland Merullo
898,John  Stephens
899,Dan Abnett
900,Erika Swyler
901,Kate Beaton
902,Tom Wolfe
903,Charles Portis
904,Jeff Wheeler
905,Timur Vermes
906,Peter Jenkins
907,Ian McGuire
908,Robison Wells
909,John Lanchester
910,"Louis Sachar, Louis Sachar"
911,Ellis Peters
912,Karen Kingsbury
913,Alan Hollinghurst
914,Sara Shepard
915,William  Gibson
916,Theodore Taylor
917,Dee Henderson
918,Joseph O'Neill
919,John Grisham
920,Kathryn Lasky
921,Jeaniene Frost
922,Wallace Stegner
923,Stephen Hunter
924,Kristen Simmons
925,Terry Goodkind
926,Lauren Weisberger
927,Ralph Ellison
928,Bruce Springsteen
929,John Buchan
930,Bruce Degen
931,John Piper
932,R.L. Stine
933,Shelly Crane
934,John Berendt
935,N.K. Jemisin
936,Daisy Goodwin
937,Julie Buxbaum
938,Bret Lott
939,Larissa Ione
940,Robert Muchamore
941,Kathryn Erskine
942,Michael Scott
943,Jon Ronson
944,Vernor Vinge
945,Amy  Stewart
946,Maya Banks
947,Hannah Kent
948,Wilbur Smith
949,Alex Flinn
950,Nathan Filer
951,Cara Lockwood
952,Julia Heaberlin
953,Alexandra Bracken
954,Deeanne Gist
955,Jennifer Haigh
956,"Jack Kerouac, Aram Saroyan"
957,E.L. James
958,Raymond E. Feist
959,Isabel Wolff
960,"Gregory Maguire, Douglas Smith"
961,Philip Reeve
962,Alan Bradley
963,Daniel Keyes
964,Glenn Beck
965,Donald McCaig
966,Jennifer Donnelly
967,Emma Cline
968,M.O. Walsh
969,Marguerite Henry
970,"James Patterson, Ned Rust"
971,Tess Gerritsen
972,Chelsea Handler
973,Sylvain Neuvel
974,Elizabeth Strout
975,Alexandra Adornetto
976,Martin Heidegger
977,Chris Gardner
978,Don Freeman
979,Sophie Kinsella
980,Gregg Hurwitz
981,Helen Macdonald
982,Ed Young
983,Iris Rainer Dart
984,Jojo Moyes
985,Dorothy Allison
986,Joanna Wylde
987,Peter Lerangis
988,Wendy Higgins
989,Kurt Cobain
990,Jack London
991,Alan Dean Foster
992,David Mitchell
993,Georgia Cates
994,Denis Johnson
995,Siri Hustvedt
996,Lois Lowry
997,Arnold Lobel
998,Terry Hayes
999,James Dickey
1000,Cynthia J. McGean
1001,Monica Ali
1002,Maria Dahvana Headley
1003,Samantha Shannon
1004,Colleen Hoover
1005,James S.A. Corey
1006,Tony Hawks
1007,Patricia Briggs
1008,Paul Zindel
1009,Steven  Rowley
1010,Lang Leav
1011,Josh Bazell
1012,Mark Bowden
1013,Dietrich Bonhoeffer
1014,Dee Lestari
1015,H.A. Rey
1016,Roger Zelazny
1017,Robert A. Heinlein
1018,Alison Weir
1019,Lisa See
1020,Kenneth Oppel
1021,Lisa O'Donnell
1022,Cynthia Lord
1023,Zilpha Keatley Snyder
1024,Jean-Paul Sartre
1025,Lucinda Riley
1026,Paula Brackston
1027,John Steinbeck
1028,Bert Dodson
1029,Clive Cussler
1030,Melissa Marr
1031,Rachel Kushner
1032,Katherine Dunn
1033,Chimamanda Ngozi Adichie
1034,Lucy Grealy
1035,Rosamund Lupton
1036,Brenna Yovanoff
1037,Theodore Dreiser
1038,Joyce Carol Oates
1039,Neal Shusterman
1040,Jennifer Weiner
1041,Blake Crouch
1042,Virginia Woolf
1043,Joyce Maynard
1044,Raymond Chandler
1045,Mary Higgins Clark
1046,Joseph Kesselring
1047,Tom Rath
1048,William Shakespeare
1049,Ann Voskamp
1050,Garth Risk Hallberg
1051,Michael  Grant
1052,Anthony Hope
1053,Avi
1054,"Arthur C. Clarke, Gentry Lee"
1055,Dan Brown
1056,"Kurt Busiek, Alex Ross"
1057,Jennifer Niven
1058,Gary D. Schmidt
1059,Margaret Leroy
1060,Ken Grimwood
1061,James  Jones
1062,Robert Goolrick
1063,M.R. Carey
1064,Robert Graysmith
1065,Veronica Rossi
1066,Nicci French
1067,Philippa Gregory
1068,Robert Hicks
1069,Lauren Barnholdt
1070,Amanda Brown
1071,Richard Branson
1072,Julian Barnes
1073,Aprilynne Pike
1074,Donna Leon
1075,S.E. Hinton
1076,J.L. Bourne
1077,E.H. Gombrich
1078,Tonya Hurley
1079,Peter Matthiessen
1080,Cecelia Ahern
1081,Ludwig Bemelmans
1082,Ava Dellaira
1083,Claudia Gray
1084,Douglas Preston
1085,Nora Roberts
1086,"Larry Niven, Jerry Pournelle"
1087,Don Winslow
1088,Ann Rule
1089,Nic Pizzolatto
1090,Nancy Reagin
1091,Noah Gordon
1092,Sarah Winman
1093,Ben Mikaelsen
1094,Jaclyn Moriarty
1095,Jeffrey Eugenides
1096,Julie Otsuka
1097,Elmore Leonard
1098,Jonathan Harr
1099,Alissa Nutting
1100,Jessie Burton
1101,Fred Gipson
1102,George R. Stewart
1103,Catherine Ryan Hyde
1104,Candace Bushnell
1105,Plum Sykes
1106,Beverly Cleary
1107,Amanda Hocking
1108,Howard Jacobson
1109,Nora Ephron
1110,Beatriz Williams
1111,Antonia Fraser
1112,Russell Brand
1113,Anne Rice
1114,Arthur Miller
1115,Leo Lionni
1116,John Fowles
1117,Mary E. Pearson
1118,Sarah Crossan
1119,David Eddings
1120,H. Rider Haggard
1121,Miles  Cameron
1122,J. Courtney Sullivan
1123,Richard Wright
1124,Pat Barker
1125,Sarah Ockler
1126,Jane Yolen
1127,Cheryl McIntyre
1128,Mark Z. Danielewski
1129,Jeffrey Archer
1130,Helen Fielding
1131,Marjorie Kinnan Rawlings
1132,Machado de Assis
1133,Eric Berne
1134,Geraldine Brooks
1135,Susan Beth Pfeffer
1136,Jules Verne
1137,John Patrick Shanley
1138,Breena Clarke
1139,Anne Tyler
1140,Ann Brashares
1141,Tori Spelling
1142,Clare Mackintosh
1143,Joel C. Rosenberg
1144,Laura Hillenbrand
1145,Alex   Sanchez
1146,Ernest J. Gaines
1147,Maggie Stiefvater
1148,Keith Richards
1149,Edgar Rice Burroughs
1150,Huntley Fitzpatrick
1151,James Rollins
1152,Jim Thompson
1153,Ursula K. Le Guin
1154,Vera B. Williams
1155,F. Scott Fitzgerald
1156,Liz Moore
1157,Madeline Miller
1158,Rene Denfeld
1159,Katherine Paterson
1160,Kate Morton
1161,Tony Parsons
1162,D.H. Lawrence
1163,Katie McGarry
1164,Alain de Botton
1165,Rita Williams-Garcia
1166,Anthony Burgess
1167,Sebastian Faulks
1168,Nickolas Butler
1169,James Ellroy
1170,Johanna Edwards
1171,David Weber
1172,Nevil Shute
1173,Sara Ryan
1174,Kaui Hart Hemmings
1175,Brian Selznick
1176,A.M. Homes
1177,Rohinton Mistry
1178,Rachel Gibson
1179,Craig Ferguson
1180,Elisabeth Egan
1181,Caleb Carr
1182,Elyn R. Saks
1183,"Herman Koch, Sam Garrett"
1184,Ildefonso Falcones
1185,A.G. Howard
1186,Nick Cave
1187,Amy Gentry
1188,"Anne Rampling, Anne Rice"
1189,Jacqueline Davies
1190,A.C. Gaughen
1191,Gene Wolfe
1192,Rachel Ward
1193,Patricia Gaffney
1194,Neil Gaiman
1195,Gwyn Hyman Rubio
1196,Bill Clegg
1197,Ellen Hopkins
1198,Lev Grossman
1199,Henry James
1200,Michael Ende
1201,Wiley Cash
1202,Perry Moore
1203,Shilpi Somaya Gowda
1204,Paul Torday
1205,Thomas A. Harris
1206,Michael Frayn
1207,Cupcake Brown
1208,John Stuart Mill
1209,Evelyn Waugh
1210,R.L. Mathewson
1211,John Darnielle
1212,W.P. Kinsella
1213,Carl Sagan
1214,David Levithan
1215,Joseph Boyden
1216,Toni Morrison
1217,Olive Ann Burns
1218,L.M. Montgomery
1219,Courtney Allison Moulton
1220,Amelia Atwater-Rhodes
1221,Kiersten White
1222,Annie Proulx
1223,A.W. Tozer
1224,Jennifer Lynn Barnes
1225,Mary Lawson
1226,Robert Jordan
1227,Bryce Courtenay
1228,Jerry A. Coyne
1229,Christina Baker Kline
1230,Virginia Lee Burton
1231,Renee Ahdieh
1232,Victoria Jamieson
1233,Cassandra Clare
1234,Frank McCourt
1235,Elizabeth Wein
1236,Daphne du Maurier
1237,Gail Carson Levine
1238,Susanna Kaysen
1239,Django Wexler
1240,Josephine Tey
1241,Paula Hawkins
1242,Patricia Highsmith
1243,Deborah Rodriguez
1244,John Wyndham
1245,Gregory Maguire
1246,Aldous Huxley
1247,Matthew      Lewis
1248,Jeff Kinney
1249,Gabrielle Zevin
1250,"Zoe Sugg, Siobhan Curham"
1251,"Jack Welch, Suzy Welch"
1252,Edgar Allan Poe
1253,J. Kenner
1254,Jenny  Lawson
1255,Ernest Cline
1256,Ann Hood
1257,"Jim Kjelgaard, Carl Pfeuffer"
1258,Irvine Welsh
1259,Glennon Doyle Melton
1260,Shirley Jackson
1261,Mike Carey
1262,Catherine Fisher
1263,J.I. Packer
1264,Daniel Woodrell
1265,Malinda Lo
1266,Patrick Carman
1267,"Owen  West, Dean Koontz"
1268,Cecily von Ziegesar
1269,Daniel Suarez
1270,Kiran Desai
1271,Raymond Carver
1272,Sylvia Plath
1273,Kathy Reichs
1274,"Janne Teller, Martin Aitken"
1275,Hillary Jordan
1276,James Joyce
1277,Meg Cabot
1278,Sue Miller
1279,Mo Hayder
1280,David Baldacci
1281,Charlie Higson
1282,Janice Y.K. Lee
1283,Keri Hulme
1284,Alan Weisman
1285,Richard Yates
1286,Sapphire
1287,Bob Spitz
1288,Jeff Lindsay
1289,Karen Cushman
1290,Dolen Perkins-Valdez
1291,"Paulo Coelho, Montserrat Mira"
1292,Emma Straub
1293,Don Richardson
1294,Amy A. Bartol
1295,Rory Stewart
1296,Julie Kibler
1297,Ron Rash
1298,Jon Klassen
1299,Wilson Rawls
1300,Richard Kadrey
1301,John Brunner
1302,Sara Raasch
1303,Gillian Flynn
1304,Charles Frazier
1305,Katharine Graham
1306,C.J. Box
1307,Kahlil Gibran
1308,Lionel Shriver
1309,Octavia E. Butler
1310,Chris Cleave
1311,Jonathan Kellerman
1312,L. Frank Baum
1313,Nick Hornby
1314,Mary Hoffman
1315,Adam Gopnik
1316,Laura Moriarty
1317,Fannie Flagg
1318,Kathryn Stockett
1319,Stephen Coonts
1320,Ron Chernow
1321,Anna Lee Waldo
1322,Robert McCloskey
1323,Kristin Hannah
1324,L.E. Modesitt Jr.
1325,Kate Hamer
1326,Glen Cook
1327,Shari Lapena
1328,"John  Williams, John McGahern"
1329,Roland Smith
1330,Tracy Kidder
1331,Laurelin Paige
1332,R.C. Sproul
1333,Timothy Zahn
1334,Erich Segal
1335,Kasie West
1336,Christina Schwarz
1337,Charles Stross
1338,Melissa Nathan
1339,"Saul Bellow, Philip Roth"
1340,Peter V. Brett
1341,Lorenzo Carcaterra
1342,Ravinder Singh
1343,Caroline Kepnes
1344,John Katzenbach
1345,Tahereh Mafi
1346,Barry Lyga
1347,Milan Kundera
1348,G.K. Chesterton
1349,Peach-Pit
1350,Tom Perrotta
1351,Matthew Reilly
1352,Steven Hall
1353,Austin Kleon
1354,Christopher Hitchens
1355,Robin LaFevers
1356,James Lee Burke
1357,Pearl S. Buck
1358,Joan Didion
1359,Stephen Fry
1360,Ingrid Law
1361,Caitlin Moran
1362,J. Sheridan Le Fanu
1363,Brian Staveley
1364,Meg Rosoff
1365,Karen   White
1366,Jim Gaffigan
1367,John Marsden
1368,Emily Murdoch
1369,Paula McLain
1370,C.S. Lewis
1371,Richard Adams
1372,Hugh Laurie
1373,David Farland
1374,Laura McHugh
1375,Jean de Brunhoff
1376,Joan Bauer
1377,John Irving
1378,Richard   Preston
1379,Nick Cutter
1380,Lisa McMann
1381,Moira Young
1382,Omar Tyree
1383,Kevin Hearne
1384,Janell Cannon
1385,Jacqueline Woodson
1386,Teju Cole
1387,Ruth Reichl
1388,Scott Anderson
1389,Cinda Williams Chima
1390,Kristen Ashley
1391,Jeff VanderMeer
1392,Ellen Raskin
1393,John Shors
1394,Cora Carmack
1395,Brian Jacques
1396,Shelly Laurenston
1397,Tucker Max
1398,Deborah Ellis
1399,Chris d'Lacey
1400,Courtney Milan
1401,Megan Whalen Turner
1402,Pramoedya Ananta Toer
1403,Rebecca Wells
1404,Beryl Markham
1405,John Knowles
1406,Gloria Steinem
1407,Richard Matheson
1408,Ayn Rand
1409,Rudolfo Anaya
1410,Peter S. Beagle
1411,Yoshihiro Togashi
1412,Ben Okri
1413,Justin Cronin
1414,Peter F. Hamilton
1415,Eleanor Brown
1416,Max Frisch
1417,Charlotte Rogan
1418,"Edward Bloor, Danny De Vito"
1419,Jerry Spinelli
1420,Cornelius Ryan
1421,Maurice Sendak
1422,Christopher Priest
1423,Spencer Quinn
1424,Louise L. Hay
1425,John Howard Griffin
1426,C.C. Hunter
1427,Brodi Ashton
1428,Carlos Castaneda
1429,Louise Doughty
1430,Eldridge Cleaver
1431,Kathleen Grissom
1432,Jean Rhys
1433,Sue Monk Kidd
1434,Dave Ramsey
1435,Jennifer Estep
1436,Gail Tsukiyama
1437,Sarah Jio
1438,"J.M. Barrie, Michael Hague"
1439,Gerda Weissmann Klein
1440,Maggie Nelson
1441,Audrey Niffenegger
1442,Josephine Angelini
1443,"Sam Smith, Doug Grud"
1444,Chuck Klosterman
1445,Michel Faber
1446,Anna Sewell
1447,Natalie Babbitt
1448,Loretta Chase
1449,Jack Ketchum
1450,"Cece Bell, David Lasky"
1451,Myla Goldberg
1452,Martin Cruz Smith
1453,Michael Herr
1454,Cynthia D'Aprix Sweeney
1455,Gennifer Albin
1456,Robert Lopshire
1457,Nancy Horan
1458,Robert Bloch
1459,Erich Maria Remarque
1460,Adam Johnson
1461,Marilynne Robinson
1462,Dorothea Benton Frank
1463,James Dashner
1464,Sarah Waters
1465,Jean Ferris
1466,Rick Riordan
1467,Dave Cullen
1468,Stephen King
1469,"Henry Cloud, John Townsend"
1470,Kim Gordon
1471,W. Somerset Maugham
1472,Tara Sivec
1473,"Kay Thompson, Hilary Knight"
1474,David McCullough
1475,Stephen Clarke
1476,Philip Yancey
1477,Beth Harbison
1478,Georgette Heyer
1479,Melanie Rawn
1480,Walter Mosley
1481,Kristin Cashore
1482,Jo Walton
1483,Jason  Matthews
1484,Megan Abbott
1485,Umberto Eco
1486,Alex Marwood
1487,Marisha Pessl
1488,Lisa Genova
1489,Amy Bloom
1490,Jasper Fforde
1491,Jess Walter
1492,Jami Attenberg
1493,William Landay
1494,John Sandford
1495,Mitch Albom
1496,Jan Brett
1497,Beth Moore
1498,Marian Keyes
1499,Anne Bishop
1500,Smith Henderson
1501,Kate DiCamillo
1502,Heinrich Harrer
1503,Josh McDowell
1504,David Seltzer
1505,Tana French
1506,Yotam Ottolenghi
1507,Melissa Senate
1508,Diane Setterfield
1509,Dalton Trumbo
1510,Jocelyn Davies
1511,Gwen Hayes
1512,Dodie Smith
1513,H.G. Wells
1514,Armistead Maupin
1515,Michael Shaara
1516,Art Spiegelman
1517,John Keegan
1518,Katherine Allred
1519,Martha Stout
1520,Kresley Cole
1521,Richard Wurmbrand
1522,T.C. Boyle
1523,Alan Bennett
1524,Anna Kendrick
1525,Joanna Trollope
1526,Maureen Johnson
1527,Lissa Price
1528,Kelley Armstrong
1529,Iain M. Banks
1530,Clive Barker
1531,Anita Shreve
1532,Melissa de la Cruz
1533,Donna Woolfolk Cross
1534,Elizabeth Kostova
1535,"J.J. Abrams, Doug Dorst"
1536,Rebecca Stead
1537,Sandra Boynton
1538,Anthony Horowitz
1539,Ann Cleeves
1540,Scott Sigler
1541,Anita Diamant
1542,Emma Donoghue
1543,Ann Leckie
1544,Nalini Singh
1545,Sheri Reynolds
1546,Harry Harrison
1547,Lincoln Peirce
1548,Linda Castillo
1549,"W.G. Sebald, Anthea Bell"
1550,John Rawls
1551,John Flanagan
1552,Flora Rheta Schreiber
1553,Andrea Levy
1554,Philip K. Dick
1555,Len Deighton
1556,Jeannette Walls
1557,Edward Rutherfurd
1558,David Wong
1559,Dan Simmons
1560,Jan Karon
1561,Richard Castle
1562,David Guterson
1563,Anna Dewdney
1564,Jonathan Maberry
1565,"P.C. Cast, Kristin Cast"
1566,Alice McDermott
1567,G.A. Aiken
1568,Bernard Cornwell
1569,James A. Michener
1570,Robert C. O'Brien
1571,Garth Nix
1572,Ilona Andrews
1573,Daniel O'Malley
1574,Stephen R. Donaldson
1575,Natasha Preston
1576,Susan Cooper
1577,Teri Terry
1578,Hanya Yanagihara
1579,Gretchen Rubin
1580,Lorrie Moore
1581,Jodi Lynn Anderson
1582,Darren Shan
1583,Jerry Pinkney
1584,Jordan Belfort
1585,Sharon M. Draper
1586,Naomi Klein
1587,D.J. MacHale
1588,Michael Chabon
1589,Miranda Beverly-Whittemore
1590,Jeanne DuPrau
1591,Penelope Ward
1592,Mary Doria Russell
1593,Liza Klaussmann
1594,Steve Berry
1595,Aravind Adiga
1596,Adolf Hitler
1597,Robert K. Massie
1598,Linwood Barclay
1599,Dean Koontz
1600,Christopher Moore
1601,Nancy Thayer
1602,Bill Bryson
1603,Eric Hill
1604,Jaycee Dugard
1605,Kate Mosse
1606,Anna Carey
1607,Ruth Ware
1608,Leslie Feinberg
1609,Richelle Mead
1610,Rachel Hawkins
1611,John Connolly
1612,Jonathan Stroud
1613,Malcolm Lowry
1614,Rae Carson
1615,James Alexander Thom
1616,Trish Doller
1617,Cheryl Rainfield
1618,Ivan Doig
1619,Elizabeth Little
1620,Kevin Powers
1621,Jackie Collins
1622,Theodore Sturgeon
1623,Dian Fossey
1624,Tim Winton
1625,James Clavell
1626,Robin McKinley
1627,Alex Berenson
1628,Lisa Lutz
1629,Linda Sue Park
1630,Bob Dylan
1631,"Jane Yolen, John Schoenherr"
1632,Greg Iles
1633,L.A. Weatherly
1634,Jennifer Echols
1635,Paul Theroux
1636,Adam Gidwitz
1637,Jane Green
1638,Curtis Sittenfeld
1639,Billie Letts
1640,Mary Kay Andrews
1641,Stephanie Bond
1642,James Surowiecki
1643,Hillary Rodham Clinton
1644,Robyn Carr
1645,Sarah MacLean
1646,Carol Ryrie Brink
1647,Sudhir Venkatesh
1648,Kendare Blake
1649,Heather Brewer
1650,Peter Carey
1651,"Margaret Weis, Tracy Hickman"
1652,Gail Carriger
1653,Jodi Meadows
1654,Ulrich Bischoff
1655,Holly Black
1656,Lynne Truss
1657,Tara Conklin
1658,Ann Patchett
1659,Genevieve Cogman
1660,Julia Scheeres
1661,"Slash, Anthony Bozza"
1662,P.D. Eastman
1663,Judith Krantz
1664,Erik Larson
1665,T.S. Eliot
1666,Peter Straub
1667,Paul Murray
1668,Iris Murdoch
1669,"Vladimir Nabokov, David Lodge"
1670,Robert Lynn Asprin
1671,S.C. Stephens
1672,Tabitha Suzuma
1673,Sherman Alexie
1674,Celeste Ng
1675,"Albert Camus, Stuart Gilbert"
1676,Sarah Weeks
1677,Neil Strauss
1678,Francine Rivers
1679,Nevada Barr
1680,C.J. Sansom
1681,Cornelia Funke
1682,Kass Morgan
1683,Will Durant
1684,George R.R. Martin
1685,Mira Grant
1686,Lauren Conrad
1687,"Milan Kundera, Linda Asher"
1688,Jenny Downham
1689,Amy Tan
1690,Kathleen Tessaro
1691,Flannery O'Connor
1692,Ken Follett
1693,Jeffrey Brown
1694,Lauren Groff
1695,Norman Bridwell
1696,Kim Stanley Robinson
1697,Sheila Burnford
1698,Faith Hunter
1699,Pat Frank
1700,Terry Pratchett
1701,Rosalind Miles
1702,J.M. Darhower
1703,Tessa Dare
1704,Brandon Mull
1705,Sue Grafton
1706,Thanhha Lai
1707,David Almond
1708,Thomas Rockwell
1709,David Sedaris
1710,Yaa Gyasi
1711,Donna VanLiere
1712,Karen Marie Moning
1713,Nicholas Evans
1714,Stephanie Kallos
1715,Sarah Dessen
1716,Robert Greene
1717,Sara Donati
1718,Leif Enger
1719,Laurell K. Hamilton
1720,Diana Gabaldon
1721,E.L. Doctorow
1722,William Peter Blatty
1723,Eva Ibbotson
1724,Neal Stephenson
1725,Brady Udall
1726,Iain Banks
1727,William Kent Krueger
1728,Gena Showalter
1729,"Knut Hamsun, George Egerton"
1730,Maeve Binchy
1731,John Saul
1732,Kate Atkinson
1733,Steve Martin
1734,Diane Chamberlain
1735,Indu Sundaresan
1736,Marie Rutkoski
1737,Sarah Pinborough
1738,Jacqueline Wilson
1739,Jeff Shaara
1740,Sebastian Junger
1741,Leon Uris
1742,Charles Martin
1743,Steven Erikson
1744,Sara Gruen
1745,Lurlene McDaniel
1746,Mo Willems
1747,Henry Miller
1748,J.R. Ward
1749,Peter Benchley
1750,Darynda Jones
1751,Gemma Burgess
1752,Justin Torres
1753,Laline Paull
1754,Rita Mae Brown
1755,"James Joyce, Jeri Johnson"
1756,T.H. White
1757,Jessica Knoll
1758,Ezra Jack Keats
1759,"Roald Dahl, Quentin Blake"
1760,"Grant Morrison, Frank Quitely"
1761,Alfred Uhry
1762,Alexander Gordon Smith
1763,Nicola Yoon
1764,Charles Bukowski
1765,Alan Cumming
1766,Alice Sebold
1767,Cherie Priest
1768,Winston Groom
1769,Rebecca Donovan
1770,Allen Say
1771,Lara Adrian
1772,Lauren Morrill
1773,Tedd Arnold
1774,Kady Cross
1775,"Kathy Reichs, Brendan Reichs"
1776,Scarlett Thomas
1777,Lian Hearn
1778,Jacqueline Susann
1779,Emmuska Orczy
1780,Mario Puzo
1781,Jamie Ford
1782,Ronald H. Balson
1783,Frank Beddor
1784,Brit Bennett
1785,William Faulkner
1786,Phyllis Reynolds Naylor
1787,Aldo Leopold
1788,"V.E. Schwab, Victoria Schwab"
1789,Herman Koch
1790,Elizabeth Berg
1791,Corban Addison
1792,A. Manette Ansay
1793,Erin Watt
1794,Derf Backderf
1795,Barbara Cooney
1796,"Karen Kingsbury, Gary Smalley"
1797,Jeanette Winterson
1798,Rachel Vincent
1799,Philipp Meyer
1800,Kristan Higgins
1801,Amor Towles
1802,Rick Bragg
1803,Randall Wallace
1804,Margaret Peterson Haddix
1805,Kwame Alexander
1806,Susan  Wilson
1807,S.A.R.K.
1808,Tracy Letts
1809,Laura Lippman
1810,Gregory David Roberts
1811,R.J. Palacio
1812,Dan Wells
1813,Thea Harrison
1814,Robert Crais
1815,James Hilton
1816,Greg Bear
1817,Tom Robbins
1818,"Rudyard Kipling, Edward Said"
1819,Mark Helprin
1820,Carrie Jones
1821,Wendy Mass
1822,Ashwin Sanghi
1823,Lesley Livingston
1824,Claire Messud
1825,Betty Crocker
1826,Eleanor Catton
1827,Lori Nelson Spielman
1828,Seanan McGuire
1829,Susan Sontag
1830,Frank Herbert
1831,Joshilyn Jackson
1832,Cory Doctorow
1833,Jack Higgins
1834,Marlo Morgan
1835,J.A. Redmerski
1836,Mario Benedetti
1837,William Styron
1838,Jill Alexander Essbaum
1839,Peter Watts
1840,Rashmi Bansal
1841,Emily St. John Mandel
1842,Sinclair Lewis
1843,Douglas Coupland
1844,Madeleine L'Engle
1845,Sylvia Day
1846,Jenny Han
1847,Suzanne Rindell
1848,Mercedes Lackey
1849,Victoria Schwab
1850,Louise Penny
1851,Salman Rushdie
1852,Michael Ondaatje
1853,Brent Weeks
1854,Vikram Seth
1855,Ned Vizzini
1856,Natasha Friend
1857,Paul O. Zelinsky
1858,Richard K. Morgan
1859,Phaidon Press
1860,Judith Kerr
1861,Belva Plain
1862,Jessica Day George
1863,Mark  Lawrence
1864,Robin Cook
1865,Dale Brown
1866,Cath Crowley
1867,Betty Mahmoody
1868,Steve Martini
1869,Joel Fuhrman
1870,Gary Shteyngart
1871,Sigmund Freud
1872,Matt Haig
1873,Jessica Verday
1874,Chaim Potok
1875,Elly Griffiths
1876,Julie Garwood
1877,Miranda July
1878,Mark Kurlansky
1879,Ruth Ozeki
1880,Linda Howard
1881,Kristen Britain
1882,Morgan Matson
1883,Douglas Adams
1884,Kate Chopin
1885,John Banville
1886,Danielle L. Jensen
1887,Richard Ford
1888,Chinua Achebe
1889,Derek Landy
1890,Amy Plum
1891,Susane Colasanti
1892,Martin Amis
1893,Eleanor H. Porter
1894,David Gemmell
1895,John Jakes
1896,M.M. Kaye
1897,Katherine Neville
1898,Miriam Toews
1899,Ruth Wariner
1900,James Redfield
1901,Frederick Forsyth
1902,Gemma Malley
1903,Edith Wharton
1904,Tom Clancy
1905,John Scalzi
1906,Jennifer A. Nielsen
1907,Pierce Brown
1908,Isaac Asimov
1909,John Hersey
1910,Hanif Kureishi
